{"graph": {"_type": "graph-file", "path": "media/graph/graph_summary_8e6e53b70cf0c5b1d8b8.graph.json", "sha256": "8e6e53b70cf0c5b1d8b844defbb9baa4dc92870e40ddb5f58354bb3561de4165", "size": 5214}, "epoch": 113, "loss": 14.291051864624023, "val_loss": 22.4390926361084, "lr": 8.000000889296643e-06, "_runtime": 8367, "_timestamp": 1640123172, "_step": 113, "best_val_loss": 21.686124801635742, "best_epoch": 73}